{
  "objective": "binary:logistic",
  "booster": "gbtree",
  "random_state": 615,
  "n_estimators": 100,
  "early_stopping_rounds": 20,
  "max_depth": 2,
  "eval_metric": [
    "logloss",
    "aucpr"
  ],
  "max_delta_step": 1,
  "min_child_weight": 391,
  "gamma": 8.97626144252098,
  "lambda": 13.900137021292272,
  "alpha": 1.3518595106891904,
  "subsample": 0.8500000000000001,
  "colsample_bytree": 0.55,
  "learning_rate": 0.07367519242836353
}