{
  "objective": "binary:logistic",
  "booster": "gbtree",
  "random_state": 615,
  "n_estimators": 100,
  "early_stopping_rounds": 20,
  "max_depth": 2,
  "eval_metric": [
    "logloss",
    "aucpr"
  ],
  "max_delta_step": 1,
  "scale_pos_weight": 2.313354921978654,
  "min_child_weight": 100,
  "gamma": 8.098288566258963,
  "lambda": 68.14264377006697,
  "alpha": 3.6279101062900745,
  "subsample": 1.0,
  "colsample_bytree": 0.9,
  "learning_rate": 0.09614072276899503
}