{
  "objective": "binary:logistic",
  "booster": "gbtree",
  "random_state": 615,
  "n_estimators": 100,
  "early_stopping_rounds": 20,
  "max_depth": 2,
  "eval_metric": [
    "logloss",
    "aucpr"
  ],
  "max_delta_step": 1,
  "scale_pos_weight": 2.4673272556798374,
  "min_child_weight": 105,
  "gamma": 1.1779114088595535,
  "lambda": 16.91753498483475,
  "alpha": 5.012225503669702,
  "subsample": 1.0,
  "colsample_bytree": 0.75,
  "learning_rate": 0.09614072276899503
}