{
  "objective": "binary:logistic",
  "booster": "gbtree",
  "random_state": 615,
  "n_estimators": 100,
  "early_stopping_rounds": 20,
  "max_depth": 2,
  "eval_metric": [
    "logloss",
    "aucpr"
  ],
  "max_delta_step": 1,
  "scale_pos_weight": 1.3635256219613403,
  "min_child_weight": 372,
  "gamma": 3.1310902999465418,
  "lambda": 71.55601257210091,
  "alpha": 0.9054086995589498,
  "subsample": 0.75,
  "colsample_bytree": 0.8,
  "learning_rate": 0.07781034010570255
}