{
  "objective": "binary:logistic",
  "booster": "gbtree",
  "random_state": 615,
  "n_estimators": 100,
  "early_stopping_rounds": 20,
  "max_depth": 2,
  "eval_metric": [
    "logloss",
    "aucpr"
  ],
  "max_delta_step": 1,
  "scale_pos_weight": 1.4846728131660907,
  "min_child_weight": 141,
  "gamma": 6.843215435352295,
  "lambda": 13.074463792067792,
  "alpha": 0.1345441297249896,
  "subsample": 0.8,
  "colsample_bytree": 0.75,
  "learning_rate": 0.09614072276899503
}